"","VAN.BUREN.Class","VAN.BUREN.fieldacres","VAN.BUREN.Commodity","VAN.BUREN.Bin","VAN.BUREN.Year","VAN.BUREN.year","VAN.BUREN.threshold","VAN.BUREN.NASSacres","VAN.BUREN.County"
"1",1,35896.138767493,"CORN","Corn",2008,2008,14,58185,"VAN BUREN"
"2",5,21038.5744112852,"SOYBEANS","Soy",2008,2008,14,30613,"VAN BUREN"
"3",12,41.3550606678918,"SWEET CORN","Sweet Corn",2008,2008,14,552,"VAN BUREN"
"4",24,1798.1857679534,"WHEAT","Winter Wheat",2008,2008,14,1870,"VAN BUREN"
"5",36,1834.79208587065,"HAY","Alfalfa",2008,2008,14,21083,"VAN BUREN"
"6",43,131.478656932272,"POTATOES","Potatoes",2008,2008,14,30,"VAN BUREN"
"7",54,78.3998323522845,"TOMATOES","Row Crops",2008,2008,14,199,"VAN BUREN"
"8",68,330.755886569447,"APPLES","Apples",2008,2008,14,3688,"VAN BUREN"
"9",69,1195.61119797657,"GRAPES","Tree Crops",2008,2008,14,4429,"VAN BUREN"
"10",222,22.1203179104279,"SQUASH","Row Crops",2008,2008,14,982,"VAN BUREN"
"11",1,40623.5886382175,"CORN","Corn",2008,2008,13,58185,"VAN BUREN"
"12",5,23514.7277658788,"SOYBEANS","Soy",2008,2008,13,30613,"VAN BUREN"
"13",12,43.8154289268518,"SWEET CORN","Sweet Corn",2008,2008,13,552,"VAN BUREN"
"14",24,2304.77157258287,"WHEAT","Winter Wheat",2008,2008,13,1870,"VAN BUREN"
"15",36,3783.90955962054,"HAY","Alfalfa",2008,2008,13,21083,"VAN BUREN"
"16",43,130.334136975479,"POTATOES","Potatoes",2008,2008,13,30,"VAN BUREN"
"17",50,115.787643903061,"CUCUMBERS","Row Crops",2008,2008,13,415,"VAN BUREN"
"18",54,119.765255714636,"TOMATOES","Row Crops",2008,2008,13,199,"VAN BUREN"
"19",66,13.329975611026,"CHERRIES","Cherries",2008,2008,13,1626,"VAN BUREN"
"20",68,868.7810064039,"APPLES","Apples",2008,2008,13,3688,"VAN BUREN"
"21",69,2138.49849909735,"GRAPES","Tree Crops",2008,2008,13,4429,"VAN BUREN"
"22",216,23.8526085408014,"PEPPERS","Row Crops",2008,2008,13,573,"VAN BUREN"
"23",222,37.8665052450543,"SQUASH","Row Crops",2008,2008,13,982,"VAN BUREN"
"24",242,88.8681201599139,"BLUEBERRIES","Blueberries",2008,2008,13,8615,"VAN BUREN"
"25",1,42606.7194480761,"CORN","Corn",2008,2008,12,58185,"VAN BUREN"
"26",5,24548.7015194192,"SOYBEANS","Soy",2008,2008,12,30613,"VAN BUREN"
"27",12,44.1259563268964,"SWEET CORN","Sweet Corn",2008,2008,12,552,"VAN BUREN"
"28",24,2550.70558500199,"WHEAT","Winter Wheat",2008,2008,12,1870,"VAN BUREN"
"29",36,4659.99437685804,"HAY","Alfalfa",2008,2008,12,21083,"VAN BUREN"
"30",43,132.945582070232,"POTATOES","Potatoes",2008,2008,12,30,"VAN BUREN"
"31",50,130.122808025603,"CUCUMBERS","Row Crops",2008,2008,12,415,"VAN BUREN"
"32",54,126.579493597843,"TOMATOES","Row Crops",2008,2008,12,199,"VAN BUREN"
"33",66,67.726519607713,"CHERRIES","Cherries",2008,2008,12,1626,"VAN BUREN"
"34",68,1225.67276133652,"APPLES","Apples",2008,2008,12,3688,"VAN BUREN"
"35",69,2639.99492591925,"GRAPES","Tree Crops",2008,2008,12,4429,"VAN BUREN"
"36",216,24.1437553919312,"PEPPERS","Row Crops",2008,2008,12,573,"VAN BUREN"
"37",222,52.8701455838904,"SQUASH","Row Crops",2008,2008,12,982,"VAN BUREN"
"38",242,328.528145708461,"BLUEBERRIES","Blueberries",2008,2008,12,8615,"VAN BUREN"
"39",1,43729.4865127285,"CORN","Corn",2008,2008,11,58185,"VAN BUREN"
"40",5,25139.423588937,"SOYBEANS","Soy",2008,2008,11,30613,"VAN BUREN"
"41",12,44.285514185152,"SWEET CORN","Sweet Corn",2008,2008,11,552,"VAN BUREN"
"42",24,2686.054494828,"WHEAT","Winter Wheat",2008,2008,11,1870,"VAN BUREN"
"43",36,5152.25213927977,"HAY","Alfalfa",2008,2008,11,21083,"VAN BUREN"
"44",43,134.775273425703,"POTATOES","Potatoes",2008,2008,11,30,"VAN BUREN"
"45",50,130.168120784321,"CUCUMBERS","Row Crops",2008,2008,11,415,"VAN BUREN"
"46",54,130.36091212342,"TOMATOES","Row Crops",2008,2008,11,199,"VAN BUREN"
"47",66,70.8311400106073,"CHERRIES","Cherries",2008,2008,11,1626,"VAN BUREN"
"48",68,1412.66683283187,"APPLES","Apples",2008,2008,11,3688,"VAN BUREN"
"49",69,2932.38002819752,"GRAPES","Tree Crops",2008,2008,11,4429,"VAN BUREN"
"50",77,19.1030499997949,"PEARS","Tree Crops",2008,2008,11,85,"VAN BUREN"
"51",216,24.1636582035376,"PEPPERS","Row Crops",2008,2008,11,573,"VAN BUREN"
"52",222,53.5249589327832,"SQUASH","Row Crops",2008,2008,11,982,"VAN BUREN"
"53",242,486.607935935022,"BLUEBERRIES","Blueberries",2008,2008,11,8615,"VAN BUREN"
"54",1,44561.6772081413,"CORN","Corn",2008,2008,10,58185,"VAN BUREN"
"55",5,25529.681054815,"SOYBEANS","Soy",2008,2008,10,30613,"VAN BUREN"
"56",12,44.6449523881787,"SWEET CORN","Sweet Corn",2008,2008,10,552,"VAN BUREN"
"57",24,2727.74591293965,"WHEAT","Winter Wheat",2008,2008,10,1870,"VAN BUREN"
"58",28,10.6341756200171,"OATS","Row Crops",2008,2008,10,108,"VAN BUREN"
"59",36,5376.86098335163,"HAY","Alfalfa",2008,2008,10,21083,"VAN BUREN"
"60",43,136.886391495303,"POTATOES","Potatoes",2008,2008,10,30,"VAN BUREN"
"61",50,165.526591421032,"CUCUMBERS","Row Crops",2008,2008,10,415,"VAN BUREN"
"62",54,135.003925696941,"TOMATOES","Row Crops",2008,2008,10,199,"VAN BUREN"
"63",66,69.345212280965,"CHERRIES","Cherries",2008,2008,10,1626,"VAN BUREN"
"64",68,1436.37122506682,"APPLES","Apples",2008,2008,10,3688,"VAN BUREN"
"65",69,3096.52630897591,"GRAPES","Tree Crops",2008,2008,10,4429,"VAN BUREN"
"66",77,20.9704247471088,"PEARS","Tree Crops",2008,2008,10,85,"VAN BUREN"
"67",216,24.1636582035376,"PEPPERS","Row Crops",2008,2008,10,573,"VAN BUREN"
"68",222,54.1578621039148,"SQUASH","Row Crops",2008,2008,10,982,"VAN BUREN"
"69",242,614.094555517075,"BLUEBERRIES","Blueberries",2008,2008,10,8615,"VAN BUREN"
"70",1,45095.8392321984,"CORN","Corn",2008,2008,9,58185,"VAN BUREN"
"71",5,25731.1735743823,"SOYBEANS","Soy",2008,2008,9,30613,"VAN BUREN"
"72",12,44.6449523881787,"SWEET CORN","Sweet Corn",2008,2008,9,552,"VAN BUREN"
"73",24,2773.06813932068,"WHEAT","Winter Wheat",2008,2008,9,1870,"VAN BUREN"
"74",28,10.6341756200171,"OATS","Row Crops",2008,2008,9,108,"VAN BUREN"
"75",36,5530.22116128552,"HAY","Alfalfa",2008,2008,9,21083,"VAN BUREN"
"76",43,137.946921753623,"POTATOES","Potatoes",2008,2008,9,30,"VAN BUREN"
"77",50,183.167369983098,"CUCUMBERS","Row Crops",2008,2008,9,415,"VAN BUREN"
"78",54,135.513066304691,"TOMATOES","Row Crops",2008,2008,9,199,"VAN BUREN"
"79",66,107.950153233945,"CHERRIES","Cherries",2008,2008,9,1626,"VAN BUREN"
"80",68,1568.7959360399,"APPLES","Apples",2008,2008,9,3688,"VAN BUREN"
"81",69,3204.61918429047,"GRAPES","Tree Crops",2008,2008,9,4429,"VAN BUREN"
"82",77,20.9734082262762,"PEARS","Tree Crops",2008,2008,9,85,"VAN BUREN"
"83",216,24.1636582035376,"PEPPERS","Row Crops",2008,2008,9,573,"VAN BUREN"
"84",222,64.8119905175922,"SQUASH","Row Crops",2008,2008,9,982,"VAN BUREN"
"85",242,679.814736392293,"BLUEBERRIES","Blueberries",2008,2008,9,8615,"VAN BUREN"
"86",1,45472.4414417325,"CORN","Corn",2008,2008,8,58185,"VAN BUREN"
"87",5,25968.3488464323,"SOYBEANS","Soy",2008,2008,8,30613,"VAN BUREN"
"88",12,44.6449523881787,"SWEET CORN","Sweet Corn",2008,2008,8,552,"VAN BUREN"
"89",24,2841.40750391221,"WHEAT","Winter Wheat",2008,2008,8,1870,"VAN BUREN"
"90",28,10.6341756200171,"OATS","Row Crops",2008,2008,8,108,"VAN BUREN"
"91",36,5794.4326350705,"HAY","Alfalfa",2008,2008,8,21083,"VAN BUREN"
"93",43,138.41825873509,"POTATOES","Potatoes",2008,2008,8,30,"VAN BUREN"
"94",50,193.976380746094,"CUCUMBERS","Row Crops",2008,2008,8,415,"VAN BUREN"
"95",54,135.515328045414,"TOMATOES","Row Crops",2008,2008,8,199,"VAN BUREN"
"96",66,126.433625241964,"CHERRIES","Cherries",2008,2008,8,1626,"VAN BUREN"
"97",68,1610.50211327591,"APPLES","Apples",2008,2008,8,3688,"VAN BUREN"
"98",69,3279.67414161667,"GRAPES","Tree Crops",2008,2008,8,4429,"VAN BUREN"
"99",77,21.6185389624146,"PEARS","Tree Crops",2008,2008,8,85,"VAN BUREN"
"100",216,24.1636582035376,"PEPPERS","Row Crops",2008,2008,8,573,"VAN BUREN"
"101",222,64.9272681371674,"SQUASH","Row Crops",2008,2008,8,982,"VAN BUREN"
"102",242,694.719233421089,"BLUEBERRIES","Blueberries",2008,2008,8,8615,"VAN BUREN"
"103",1,46064.079879239,"CORN","Corn",2008,2008,7,58185,"VAN BUREN"
"104",5,26154.5200602987,"SOYBEANS","Soy",2008,2008,7,30613,"VAN BUREN"
"105",12,44.6449523881787,"SWEET CORN","Sweet Corn",2008,2008,7,552,"VAN BUREN"
"106",24,2932.77898422727,"WHEAT","Winter Wheat",2008,2008,7,1870,"VAN BUREN"
"107",28,11.1678254119995,"OATS","Row Crops",2008,2008,7,108,"VAN BUREN"
"108",36,6047.40038860558,"HAY","Alfalfa",2008,2008,7,21083,"VAN BUREN"
"110",43,138.344273621878,"POTATOES","Potatoes",2008,2008,7,30,"VAN BUREN"
"111",50,203.228804991525,"CUCUMBERS","Row Crops",2008,2008,7,415,"VAN BUREN"
"112",54,135.515328045414,"TOMATOES","Row Crops",2008,2008,7,199,"VAN BUREN"
"113",66,127.35827194196,"CHERRIES","Cherries",2008,2008,7,1626,"VAN BUREN"
"114",68,1702.3803561449,"APPLES","Apples",2008,2008,7,3688,"VAN BUREN"
"115",69,3349.61713024238,"GRAPES","Tree Crops",2008,2008,7,4429,"VAN BUREN"
"116",77,21.6185389624146,"PEARS","Tree Crops",2008,2008,7,85,"VAN BUREN"
"117",216,24.1636582035376,"PEPPERS","Row Crops",2008,2008,7,573,"VAN BUREN"
"118",222,65.1584890093787,"SQUASH","Row Crops",2008,2008,7,982,"VAN BUREN"
"119",242,729.940030013809,"BLUEBERRIES","Blueberries",2008,2008,7,8615,"VAN BUREN"
"120",1,46715.3066105437,"CORN","Corn",2008,2008,6,58185,"VAN BUREN"
"121",5,26397.3247146973,"SOYBEANS","Soy",2008,2008,6,30613,"VAN BUREN"
"122",12,44.6449523881787,"SWEET CORN","Sweet Corn",2008,2008,6,552,"VAN BUREN"
"123",24,3018.16039627934,"WHEAT","Winter Wheat",2008,2008,6,1870,"VAN BUREN"
"124",28,11.1678254119995,"OATS","Row Crops",2008,2008,6,108,"VAN BUREN"
"125",36,6240.58226494009,"HAY","Alfalfa",2008,2008,6,21083,"VAN BUREN"
"127",43,140.695340570495,"POTATOES","Potatoes",2008,2008,6,30,"VAN BUREN"
"128",50,215.766555758729,"CUCUMBERS","Row Crops",2008,2008,6,415,"VAN BUREN"
"129",54,135.520501836516,"TOMATOES","Row Crops",2008,2008,6,199,"VAN BUREN"
"130",66,112.659458847046,"CHERRIES","Cherries",2008,2008,6,1626,"VAN BUREN"
"131",68,1825.14169588565,"APPLES","Apples",2008,2008,6,3688,"VAN BUREN"
"132",69,3485.6365183721,"GRAPES","Tree Crops",2008,2008,6,4429,"VAN BUREN"
"133",77,21.6185389624146,"PEARS","Tree Crops",2008,2008,6,85,"VAN BUREN"
"134",216,24.1636582035376,"PEPPERS","Row Crops",2008,2008,6,573,"VAN BUREN"
"135",222,65.1584890093787,"SQUASH","Row Crops",2008,2008,6,982,"VAN BUREN"
"136",242,818.332978238486,"BLUEBERRIES","Blueberries",2008,2008,6,8615,"VAN BUREN"
"137",1,47271.0173949059,"CORN","Corn",2008,2008,5,58185,"VAN BUREN"
"138",5,26597.5643016043,"SOYBEANS","Soy",2008,2008,5,30613,"VAN BUREN"
"139",12,44.6449523881787,"SWEET CORN","Sweet Corn",2008,2008,5,552,"VAN BUREN"
"140",24,3210.10668339431,"WHEAT","Winter Wheat",2008,2008,5,1870,"VAN BUREN"
"141",28,13.1985631691241,"OATS","Row Crops",2008,2008,5,108,"VAN BUREN"
"142",36,6411.8974319132,"HAY","Alfalfa",2008,2008,5,21083,"VAN BUREN"
"144",43,145.608452608138,"POTATOES","Potatoes",2008,2008,5,30,"VAN BUREN"
"145",50,269.300292620043,"CUCUMBERS","Row Crops",2008,2008,5,415,"VAN BUREN"
"146",54,135.520765109519,"TOMATOES","Row Crops",2008,2008,5,199,"VAN BUREN"
"147",66,136.70230985335,"CHERRIES","Cherries",2008,2008,5,1626,"VAN BUREN"
"148",68,1866.92446306303,"APPLES","Apples",2008,2008,5,3688,"VAN BUREN"
"149",69,3651.84596048011,"GRAPES","Tree Crops",2008,2008,5,4429,"VAN BUREN"
"150",77,21.4495883088898,"PEARS","Tree Crops",2008,2008,5,85,"VAN BUREN"
"151",216,24.1636582035376,"PEPPERS","Row Crops",2008,2008,5,573,"VAN BUREN"
"152",222,65.2098025404828,"SQUASH","Row Crops",2008,2008,5,982,"VAN BUREN"
"153",242,863.666587406376,"BLUEBERRIES","Blueberries",2008,2008,5,8615,"VAN BUREN"
"154",1,47892.2754587357,"CORN","Corn",2008,2008,4,58185,"VAN BUREN"
"155",5,26867.37903664,"SOYBEANS","Soy",2008,2008,4,30613,"VAN BUREN"
"156",12,44.6449523881787,"SWEET CORN","Sweet Corn",2008,2008,4,552,"VAN BUREN"
"157",24,3339.11984563429,"WHEAT","Winter Wheat",2008,2008,4,1870,"VAN BUREN"
"158",28,25.5354329248981,"OATS","Row Crops",2008,2008,4,108,"VAN BUREN"
"159",36,6607.62018743007,"HAY","Alfalfa",2008,2008,4,21083,"VAN BUREN"
"161",43,140.533065492329,"POTATOES","Potatoes",2008,2008,4,30,"VAN BUREN"
"162",50,273.395457878591,"CUCUMBERS","Row Crops",2008,2008,4,415,"VAN BUREN"
"163",54,135.58381329269,"TOMATOES","Row Crops",2008,2008,4,199,"VAN BUREN"
"164",66,174.024137582184,"CHERRIES","Cherries",2008,2008,4,1626,"VAN BUREN"
"165",68,1926.48033721,"APPLES","Apples",2008,2008,4,3688,"VAN BUREN"
"166",69,3717.20269511644,"GRAPES","Tree Crops",2008,2008,4,4429,"VAN BUREN"
"167",77,21.4495883088898,"PEARS","Tree Crops",2008,2008,4,85,"VAN BUREN"
"168",216,24.1636582035376,"PEPPERS","Row Crops",2008,2008,4,573,"VAN BUREN"
"169",222,78.5647534327209,"SQUASH","Row Crops",2008,2008,4,982,"VAN BUREN"
"170",242,925.880105419417,"BLUEBERRIES","Blueberries",2008,2008,4,8615,"VAN BUREN"
"171",1,48444.60672345,"CORN","Corn",2008,2008,3,58185,"VAN BUREN"
"172",5,27044.244067621,"SOYBEANS","Soy",2008,2008,3,30613,"VAN BUREN"
"173",12,44.6449523881787,"SWEET CORN","Sweet Corn",2008,2008,3,552,"VAN BUREN"
"174",24,3463.83681880704,"WHEAT","Winter Wheat",2008,2008,3,1870,"VAN BUREN"
"176",28,25.780225719494,"OATS","Row Crops",2008,2008,3,108,"VAN BUREN"
"177",36,6731.70948241141,"HAY","Alfalfa",2008,2008,3,21083,"VAN BUREN"
"179",43,140.566491028535,"POTATOES","Potatoes",2008,2008,3,30,"VAN BUREN"
"180",50,320.34572532647,"CUCUMBERS","Row Crops",2008,2008,3,415,"VAN BUREN"
"181",54,135.619879733419,"TOMATOES","Row Crops",2008,2008,3,199,"VAN BUREN"
"182",66,212.516115594457,"CHERRIES","Cherries",2008,2008,3,1626,"VAN BUREN"
"183",68,2003.66287896268,"APPLES","Apples",2008,2008,3,3688,"VAN BUREN"
"184",69,3801.2054833674,"GRAPES","Tree Crops",2008,2008,3,4429,"VAN BUREN"
"185",77,21.4495883088898,"PEARS","Tree Crops",2008,2008,3,85,"VAN BUREN"
"186",216,24.1636582035376,"PEPPERS","Row Crops",2008,2008,3,573,"VAN BUREN"
"187",222,90.6812336415149,"SQUASH","Row Crops",2008,2008,3,982,"VAN BUREN"
"188",242,1023.39686347738,"BLUEBERRIES","Blueberries",2008,2008,3,8615,"VAN BUREN"
"189",1,49083.5076226472,"CORN","Corn",2008,2008,2,58185,"VAN BUREN"
"190",5,27291.3524688138,"SOYBEANS","Soy",2008,2008,2,30613,"VAN BUREN"
"191",12,44.6449523881787,"SWEET CORN","Sweet Corn",2008,2008,2,552,"VAN BUREN"
"192",24,3622.80606749294,"WHEAT","Winter Wheat",2008,2008,2,1870,"VAN BUREN"
"194",28,29.9460740481335,"OATS","Row Crops",2008,2008,2,108,"VAN BUREN"
"195",36,6863.67913658655,"HAY","Alfalfa",2008,2008,2,21083,"VAN BUREN"
"197",43,141.968298780591,"POTATOES","Potatoes",2008,2008,2,30,"VAN BUREN"
"198",50,389.760447743209,"CUCUMBERS","Row Crops",2008,2008,2,415,"VAN BUREN"
"199",54,135.650403384577,"TOMATOES","Row Crops",2008,2008,2,199,"VAN BUREN"
"200",66,274.537129883898,"CHERRIES","Cherries",2008,2008,2,1626,"VAN BUREN"
"201",68,2129.53585089168,"APPLES","Apples",2008,2008,2,3688,"VAN BUREN"
"202",69,4026.75469782374,"GRAPES","Tree Crops",2008,2008,2,4429,"VAN BUREN"
"203",77,21.4495883088898,"PEARS","Tree Crops",2008,2008,2,85,"VAN BUREN"
"204",216,24.1636582035376,"PEPPERS","Row Crops",2008,2008,2,573,"VAN BUREN"
"205",222,91.4470224733228,"SQUASH","Row Crops",2008,2008,2,982,"VAN BUREN"
"206",242,1070.71083769221,"BLUEBERRIES","Blueberries",2008,2008,2,8615,"VAN BUREN"
"207",1,49539.7151289026,"CORN","Corn",2008,2008,1,58185,"VAN BUREN"
"208",5,27338.8947922101,"SOYBEANS","Soy",2008,2008,1,30613,"VAN BUREN"
"209",12,44.6449523881787,"SWEET CORN","Sweet Corn",2008,2008,1,552,"VAN BUREN"
"210",24,3724.50367932464,"WHEAT","Winter Wheat",2008,2008,1,1870,"VAN BUREN"
"212",28,27.7286749778272,"OATS","Row Crops",2008,2008,1,108,"VAN BUREN"
"213",36,7141.07131905816,"HAY","Alfalfa",2008,2008,1,21083,"VAN BUREN"
"215",43,141.968298780591,"POTATOES","Potatoes",2008,2008,1,30,"VAN BUREN"
"216",50,389.760839998265,"CUCUMBERS","Row Crops",2008,2008,1,415,"VAN BUREN"
"217",54,135.65134396418,"TOMATOES","Row Crops",2008,2008,1,199,"VAN BUREN"
"218",66,292.069135099344,"CHERRIES","Cherries",2008,2008,1,1626,"VAN BUREN"
"219",68,2315.53050334892,"APPLES","Apples",2008,2008,1,3688,"VAN BUREN"
"220",69,4145.58061769493,"GRAPES","Tree Crops",2008,2008,1,4429,"VAN BUREN"
"221",77,21.4495883088898,"PEARS","Tree Crops",2008,2008,1,85,"VAN BUREN"
"222",216,24.1636582035376,"PEPPERS","Row Crops",2008,2008,1,573,"VAN BUREN"
"223",222,92.2861624275116,"SQUASH","Row Crops",2008,2008,1,982,"VAN BUREN"
"224",242,1147.18272311094,"BLUEBERRIES","Blueberries",2008,2008,1,8615,"VAN BUREN"
"1015",1,43954.9079472648,"CORN","Corn",2012,2012,14,76369,"VAN BUREN"
"1016",5,15068.0905987631,"SOYBEANS","Soy",2012,2012,14,19825,"VAN BUREN"
"1017",24,597.824899315549,"WHEAT","Winter Wheat",2012,2012,14,2240,"VAN BUREN"
"1018",36,1009.21536192486,"HAY","Alfalfa",2012,2012,14,17208,"VAN BUREN"
"1019",43,97.6533382882977,"POTATOES","Potatoes",2012,2012,14,45,"VAN BUREN"
"1023",66,2.13849251956055,"CHERRIES","Cherries",2012,2012,14,906,"VAN BUREN"
"1024",67,122.374849693711,"PEACHES","Tree Crops",2012,2012,14,170,"VAN BUREN"
"1025",68,281.175854563421,"APPLES","Apples",2012,2012,14,3113,"VAN BUREN"
"1026",69,964.720933432812,"GRAPES","Tree Crops",2012,2012,14,4959,"VAN BUREN"
"1027",207,144.560510799128,"ASPARAGUS","Row Crops",2012,2012,14,568,"VAN BUREN"
"1028",222,29.5103157826953,"SQUASH","Row Crops",2012,2012,14,552,"VAN BUREN"
"1029",1,49835.5907447721,"CORN","Corn",2012,2012,13,76369,"VAN BUREN"
"1030",5,17509.821002583,"SOYBEANS","Soy",2012,2012,13,19825,"VAN BUREN"
"1031",24,739.078140204376,"WHEAT","Winter Wheat",2012,2012,13,2240,"VAN BUREN"
"1032",36,1917.30122031872,"HAY","Alfalfa",2012,2012,13,17208,"VAN BUREN"
"1034",43,372.363267775672,"POTATOES","Potatoes",2012,2012,13,45,"VAN BUREN"
"1038",66,107.066414175481,"CHERRIES","Cherries",2012,2012,13,906,"VAN BUREN"
"1039",67,302.631971668748,"PEACHES","Tree Crops",2012,2012,13,170,"VAN BUREN"
"1040",68,686.961693224819,"APPLES","Apples",2012,2012,13,3113,"VAN BUREN"
"1041",69,1640.36038891464,"GRAPES","Tree Crops",2012,2012,13,4959,"VAN BUREN"
"1042",207,198.101626393108,"ASPARAGUS","Row Crops",2012,2012,13,568,"VAN BUREN"
"1043",222,55.8369360844513,"SQUASH","Row Crops",2012,2012,13,552,"VAN BUREN"
"1044",242,128.79956418932,"BLUEBERRIES","Blueberries",2012,2012,13,8497,"VAN BUREN"
"1045",245,22.6252235269928,"CELERY","Row Crops",2012,2012,13,256,"VAN BUREN"
"1046",1,52553.4740313477,"CORN","Corn",2012,2012,12,76369,"VAN BUREN"
"1047",5,18436.6162125944,"SOYBEANS","Soy",2012,2012,12,19825,"VAN BUREN"
"1048",24,781.825832196751,"WHEAT","Winter Wheat",2012,2012,12,2240,"VAN BUREN"
"1049",36,2417.81352722612,"HAY","Alfalfa",2012,2012,12,17208,"VAN BUREN"
"1051",43,408.043586913524,"POTATOES","Potatoes",2012,2012,12,45,"VAN BUREN"
"1055",66,97.2105016048157,"CHERRIES","Cherries",2012,2012,12,906,"VAN BUREN"
"1056",67,322.803686664486,"PEACHES","Tree Crops",2012,2012,12,170,"VAN BUREN"
"1057",68,987.99001048404,"APPLES","Apples",2012,2012,12,3113,"VAN BUREN"
"1058",69,2041.86269654689,"GRAPES","Tree Crops",2012,2012,12,4959,"VAN BUREN"
"1059",207,212.934072345714,"ASPARAGUS","Row Crops",2012,2012,12,568,"VAN BUREN"
"1060",222,57.7804545543536,"SQUASH","Row Crops",2012,2012,12,552,"VAN BUREN"
"1061",242,453.802532470262,"BLUEBERRIES","Blueberries",2012,2012,12,8497,"VAN BUREN"
"1062",245,24.3251615913696,"CELERY","Row Crops",2012,2012,12,256,"VAN BUREN"
"1063",1,53884.591442296,"CORN","Corn",2012,2012,11,76369,"VAN BUREN"
"1064",5,19018.6360398641,"SOYBEANS","Soy",2012,2012,11,19825,"VAN BUREN"
"1065",24,803.96942657168,"WHEAT","Winter Wheat",2012,2012,11,2240,"VAN BUREN"
"1066",36,2834.10390968761,"HAY","Alfalfa",2012,2012,11,17208,"VAN BUREN"
"1068",43,418.60914043136,"POTATOES","Potatoes",2012,2012,11,45,"VAN BUREN"
"1072",66,132.076139085731,"CHERRIES","Cherries",2012,2012,11,906,"VAN BUREN"
"1073",67,325.275681406747,"PEACHES","Tree Crops",2012,2012,11,170,"VAN BUREN"
"1074",68,1131.5906800382,"APPLES","Apples",2012,2012,11,3113,"VAN BUREN"
"1075",69,2239.07491856505,"GRAPES","Tree Crops",2012,2012,11,4959,"VAN BUREN"
"1076",207,217.421024542434,"ASPARAGUS","Row Crops",2012,2012,11,568,"VAN BUREN"
"1077",222,72.1832665664075,"SQUASH","Row Crops",2012,2012,11,552,"VAN BUREN"
"1078",242,710.569597201265,"BLUEBERRIES","Blueberries",2012,2012,11,8497,"VAN BUREN"
"1080",245,24.3251615913696,"CELERY","Row Crops",2012,2012,11,256,"VAN BUREN"
"1081",1,54756.3205582797,"CORN","Corn",2012,2012,10,76369,"VAN BUREN"
"1082",5,19389.6574937963,"SOYBEANS","Soy",2012,2012,10,19825,"VAN BUREN"
"1083",24,798.842313821678,"WHEAT","Winter Wheat",2012,2012,10,2240,"VAN BUREN"
"1084",36,2970.47496138277,"HAY","Alfalfa",2012,2012,10,17208,"VAN BUREN"
"1086",43,431.053206037394,"POTATOES","Potatoes",2012,2012,10,45,"VAN BUREN"
"1090",66,130.131249502819,"CHERRIES","Cherries",2012,2012,10,906,"VAN BUREN"
"1091",67,326.680796390164,"PEACHES","Tree Crops",2012,2012,10,170,"VAN BUREN"
"1092",68,1203.19790862242,"APPLES","Apples",2012,2012,10,3113,"VAN BUREN"
"1093",69,2331.17407966869,"GRAPES","Tree Crops",2012,2012,10,4959,"VAN BUREN"
"1094",207,240.253519785657,"ASPARAGUS","Row Crops",2012,2012,10,568,"VAN BUREN"
"1095",222,71.9694951018506,"SQUASH","Row Crops",2012,2012,10,552,"VAN BUREN"
"1096",229,11.9658205738373,"PUMPKINS","Pumpkins",2012,2012,10,324,"VAN BUREN"
"1097",242,927.477698517039,"BLUEBERRIES","Blueberries",2012,2012,10,8497,"VAN BUREN"
"1099",245,24.3814352003278,"CELERY","Row Crops",2012,2012,10,256,"VAN BUREN"
"1100",1,55353.6378061631,"CORN","Corn",2012,2012,9,76369,"VAN BUREN"
"1101",5,19596.9395459349,"SOYBEANS","Soy",2012,2012,9,19825,"VAN BUREN"
"1102",24,817.497082864646,"WHEAT","Winter Wheat",2012,2012,9,2240,"VAN BUREN"
"1103",36,3196.0787748532,"HAY","Alfalfa",2012,2012,9,17208,"VAN BUREN"
"1105",43,431.288142594189,"POTATOES","Potatoes",2012,2012,9,45,"VAN BUREN"
"1109",66,142.20922989595,"CHERRIES","Cherries",2012,2012,9,906,"VAN BUREN"
"1110",67,326.951789343015,"PEACHES","Tree Crops",2012,2012,9,170,"VAN BUREN"
"1111",68,1273.4896487632,"APPLES","Apples",2012,2012,9,3113,"VAN BUREN"
"1112",69,2381.83719397448,"GRAPES","Tree Crops",2012,2012,9,4959,"VAN BUREN"
"1113",207,258.522577560509,"ASPARAGUS","Row Crops",2012,2012,9,568,"VAN BUREN"
"1114",222,73.0148646901849,"SQUASH","Row Crops",2012,2012,9,552,"VAN BUREN"
"1115",229,13.1027416597461,"PUMPKINS","Pumpkins",2012,2012,9,324,"VAN BUREN"
"1116",242,1025.8660498134,"BLUEBERRIES","Blueberries",2012,2012,9,8497,"VAN BUREN"
"1118",245,24.3816020685968,"CELERY","Row Crops",2012,2012,9,256,"VAN BUREN"
"1119",1,55835.137227046,"CORN","Corn",2012,2012,8,76369,"VAN BUREN"
"1120",5,19951.6138524184,"SOYBEANS","Soy",2012,2012,8,19825,"VAN BUREN"
"1121",24,823.852983172547,"WHEAT","Winter Wheat",2012,2012,8,2240,"VAN BUREN"
"1122",36,3367.01844900752,"HAY","Alfalfa",2012,2012,8,17208,"VAN BUREN"
"1124",43,429.085458880012,"POTATOES","Potatoes",2012,2012,8,45,"VAN BUREN"
"1128",66,145.244697276851,"CHERRIES","Cherries",2012,2012,8,906,"VAN BUREN"
"1129",67,323.94241868738,"PEACHES","Tree Crops",2012,2012,8,170,"VAN BUREN"
"1130",68,1279.98927760989,"APPLES","Apples",2012,2012,8,3113,"VAN BUREN"
"1131",69,2445.47209294714,"GRAPES","Tree Crops",2012,2012,8,4959,"VAN BUREN"
"1132",207,250.503825238727,"ASPARAGUS","Row Crops",2012,2012,8,568,"VAN BUREN"
"1133",222,73.017126400744,"SQUASH","Row Crops",2012,2012,8,552,"VAN BUREN"
"1134",229,13.1027416597461,"PUMPKINS","Pumpkins",2012,2012,8,324,"VAN BUREN"
"1135",242,1089.10159473989,"BLUEBERRIES","Blueberries",2012,2012,8,8497,"VAN BUREN"
"1137",245,24.3816020685968,"CELERY","Row Crops",2012,2012,8,256,"VAN BUREN"
"1138",1,56291.8921509321,"CORN","Corn",2012,2012,7,76369,"VAN BUREN"
"1139",5,20236.5000349493,"SOYBEANS","Soy",2012,2012,7,19825,"VAN BUREN"
"1140",24,841.724463149402,"WHEAT","Winter Wheat",2012,2012,7,2240,"VAN BUREN"
"1141",36,3540.86600104926,"HAY","Alfalfa",2012,2012,7,17208,"VAN BUREN"
"1143",43,429.158678003921,"POTATOES","Potatoes",2012,2012,7,45,"VAN BUREN"
"1147",66,145.631559368937,"CHERRIES","Cherries",2012,2012,7,906,"VAN BUREN"
"1148",67,323.944114578165,"PEACHES","Tree Crops",2012,2012,7,170,"VAN BUREN"
"1149",68,1364.00729765798,"APPLES","Apples",2012,2012,7,3113,"VAN BUREN"
"1150",69,2472.08837336769,"GRAPES","Tree Crops",2012,2012,7,4959,"VAN BUREN"
"1152",207,250.519139595234,"ASPARAGUS","Row Crops",2012,2012,7,568,"VAN BUREN"
"1153",222,75.1622732299133,"SQUASH","Row Crops",2012,2012,7,552,"VAN BUREN"
"1154",229,13.1027416597461,"PUMPKINS","Pumpkins",2012,2012,7,324,"VAN BUREN"
"1155",242,1232.11012089962,"BLUEBERRIES","Blueberries",2012,2012,7,8497,"VAN BUREN"
"1157",245,24.3816020685968,"CELERY","Row Crops",2012,2012,7,256,"VAN BUREN"
"1158",1,56758.5830522444,"CORN","Corn",2012,2012,6,76369,"VAN BUREN"
"1159",5,20562.8737098982,"SOYBEANS","Soy",2012,2012,6,19825,"VAN BUREN"
"1160",24,862.481955086777,"WHEAT","Winter Wheat",2012,2012,6,2240,"VAN BUREN"
"1161",36,3907.78921186009,"HAY","Alfalfa",2012,2012,6,17208,"VAN BUREN"
"1163",43,428.418783224223,"POTATOES","Potatoes",2012,2012,6,45,"VAN BUREN"
"1167",66,159.885163970536,"CHERRIES","Cherries",2012,2012,6,906,"VAN BUREN"
"1168",67,323.944114578165,"PEACHES","Tree Crops",2012,2012,6,170,"VAN BUREN"
"1169",68,1398.37264621111,"APPLES","Apples",2012,2012,6,3113,"VAN BUREN"
"1170",69,2498.15071291128,"GRAPES","Tree Crops",2012,2012,6,4959,"VAN BUREN"
"1172",207,250.56085165524,"ASPARAGUS","Row Crops",2012,2012,6,568,"VAN BUREN"
"1173",222,76.9185040575055,"SQUASH","Row Crops",2012,2012,6,552,"VAN BUREN"
"1174",229,13.1027416597461,"PUMPKINS","Pumpkins",2012,2012,6,324,"VAN BUREN"
"1175",242,1413.65887980358,"BLUEBERRIES","Blueberries",2012,2012,6,8497,"VAN BUREN"
"1177",245,24.3816020685968,"CELERY","Row Crops",2012,2012,6,256,"VAN BUREN"
"1178",1,57243.2278968941,"CORN","Corn",2012,2012,5,76369,"VAN BUREN"
"1179",5,20847.1624503337,"SOYBEANS","Soy",2012,2012,5,19825,"VAN BUREN"
"1180",24,922.198220679249,"WHEAT","Winter Wheat",2012,2012,5,2240,"VAN BUREN"
"1181",36,4091.73084916366,"HAY","Alfalfa",2012,2012,5,17208,"VAN BUREN"
"1183",43,429.492857171251,"POTATOES","Potatoes",2012,2012,5,45,"VAN BUREN"
"1187",66,213.071156981539,"CHERRIES","Cherries",2012,2012,5,906,"VAN BUREN"
"1188",67,323.944114578165,"PEACHES","Tree Crops",2012,2012,5,170,"VAN BUREN"
"1189",68,1432.72573281206,"APPLES","Apples",2012,2012,5,3113,"VAN BUREN"
"1190",69,2574.38299389581,"GRAPES","Tree Crops",2012,2012,5,4959,"VAN BUREN"
"1192",207,251.433196373968,"ASPARAGUS","Row Crops",2012,2012,5,568,"VAN BUREN"
"1193",222,77.3885062738055,"SQUASH","Row Crops",2012,2012,5,552,"VAN BUREN"
"1194",229,13.1027416597461,"PUMPKINS","Pumpkins",2012,2012,5,324,"VAN BUREN"
"1195",242,1479.35451173817,"BLUEBERRIES","Blueberries",2012,2012,5,8497,"VAN BUREN"
"1197",245,24.3816020685968,"CELERY","Row Crops",2012,2012,5,256,"VAN BUREN"
"1199",1,57809.6228636044,"CORN","Corn",2012,2012,4,76369,"VAN BUREN"
"1200",5,21139.3687563988,"SOYBEANS","Soy",2012,2012,4,19825,"VAN BUREN"
"1201",24,913.609403426782,"WHEAT","Winter Wheat",2012,2012,4,2240,"VAN BUREN"
"1202",36,4373.65921211302,"HAY","Alfalfa",2012,2012,4,17208,"VAN BUREN"
"1204",43,430.855870946517,"POTATOES","Potatoes",2012,2012,4,45,"VAN BUREN"
"1208",66,201.125581401818,"CHERRIES","Cherries",2012,2012,4,906,"VAN BUREN"
"1209",67,324.166509108329,"PEACHES","Tree Crops",2012,2012,4,170,"VAN BUREN"
"1210",68,1463.50725863953,"APPLES","Apples",2012,2012,4,3113,"VAN BUREN"
"1211",69,2576.05231115019,"GRAPES","Tree Crops",2012,2012,4,4959,"VAN BUREN"
"1213",207,282.790870584544,"ASPARAGUS","Row Crops",2012,2012,4,568,"VAN BUREN"
"1214",222,88.1054098546191,"SQUASH","Row Crops",2012,2012,4,552,"VAN BUREN"
"1215",229,43.1424467545026,"PUMPKINS","Pumpkins",2012,2012,4,324,"VAN BUREN"
"1216",242,1571.8888654383,"BLUEBERRIES","Blueberries",2012,2012,4,8497,"VAN BUREN"
"1218",245,24.3816020685968,"CELERY","Row Crops",2012,2012,4,256,"VAN BUREN"
"1220",1,58283.54657481,"CORN","Corn",2012,2012,3,76369,"VAN BUREN"
"1221",5,21306.9645485621,"SOYBEANS","Soy",2012,2012,3,19825,"VAN BUREN"
"1222",24,963.227270218693,"WHEAT","Winter Wheat",2012,2012,3,2240,"VAN BUREN"
"1223",36,4757.40991627991,"HAY","Alfalfa",2012,2012,3,17208,"VAN BUREN"
"1225",43,440.447001943054,"POTATOES","Potatoes",2012,2012,3,45,"VAN BUREN"
"1229",66,218.36405504603,"CHERRIES","Cherries",2012,2012,3,906,"VAN BUREN"
"1230",67,324.240113459039,"PEACHES","Tree Crops",2012,2012,3,170,"VAN BUREN"
"1231",68,1476.52004391395,"APPLES","Apples",2012,2012,3,3113,"VAN BUREN"
"1232",69,2684.48103027276,"GRAPES","Tree Crops",2012,2012,3,4959,"VAN BUREN"
"1234",207,287.228613292526,"ASPARAGUS","Row Crops",2012,2012,3,568,"VAN BUREN"
"1235",222,77.4604243862701,"SQUASH","Row Crops",2012,2012,3,552,"VAN BUREN"
"1236",229,56.2560694802203,"PUMPKINS","Pumpkins",2012,2012,3,324,"VAN BUREN"
"1237",242,1668.51715291398,"BLUEBERRIES","Blueberries",2012,2012,3,8497,"VAN BUREN"
"1239",245,24.3816020685968,"CELERY","Row Crops",2012,2012,3,256,"VAN BUREN"
"1241",1,58590.0712544059,"CORN","Corn",2012,2012,2,76369,"VAN BUREN"
"1242",5,21740.6389253815,"SOYBEANS","Soy",2012,2012,2,19825,"VAN BUREN"
"1243",24,969.404301376392,"WHEAT","Winter Wheat",2012,2012,2,2240,"VAN BUREN"
"1244",28,10.9896350464423,"OATS","Row Crops",2012,2012,2,100,"VAN BUREN"
"1245",36,5277.76566262926,"HAY","Alfalfa",2012,2012,2,17208,"VAN BUREN"
"1247",43,439.682402123073,"POTATOES","Potatoes",2012,2012,2,45,"VAN BUREN"
"1252",66,256.165239538248,"CHERRIES","Cherries",2012,2012,2,906,"VAN BUREN"
"1253",67,322.013404514807,"PEACHES","Tree Crops",2012,2012,2,170,"VAN BUREN"
"1254",68,1511.90193930229,"APPLES","Apples",2012,2012,2,3113,"VAN BUREN"
"1255",69,2768.27736854021,"GRAPES","Tree Crops",2012,2012,2,4959,"VAN BUREN"
"1257",207,299.580944666356,"ASPARAGUS","Row Crops",2012,2012,2,568,"VAN BUREN"
"1258",222,77.4604243862701,"SQUASH","Row Crops",2012,2012,2,552,"VAN BUREN"
"1259",229,56.2560694802203,"PUMPKINS","Pumpkins",2012,2012,2,324,"VAN BUREN"
"1260",242,1701.34163649237,"BLUEBERRIES","Blueberries",2012,2012,2,8497,"VAN BUREN"
"1262",245,24.381602098761,"CELERY","Row Crops",2012,2012,2,256,"VAN BUREN"
"1264",1,58939.7701792364,"CORN","Corn",2012,2012,1,76369,"VAN BUREN"
"1265",5,21861.6919009342,"SOYBEANS","Soy",2012,2012,1,19825,"VAN BUREN"
"1266",24,970.648222727988,"WHEAT","Winter Wheat",2012,2012,1,2240,"VAN BUREN"
"1267",28,10.9918967570013,"OATS","Row Crops",2012,2012,1,100,"VAN BUREN"
"1268",36,5773.72905850613,"HAY","Alfalfa",2012,2012,1,17208,"VAN BUREN"
"1270",43,439.682402123073,"POTATOES","Potatoes",2012,2012,1,45,"VAN BUREN"
"1275",66,245.873572955295,"CHERRIES","Cherries",2012,2012,1,906,"VAN BUREN"
"1276",67,322.013404514807,"PEACHES","Tree Crops",2012,2012,1,170,"VAN BUREN"
"1277",68,1594.15191372449,"APPLES","Apples",2012,2012,1,3113,"VAN BUREN"
"1278",69,2795.60982528017,"GRAPES","Tree Crops",2012,2012,1,4959,"VAN BUREN"
"1280",207,307.871283360991,"ASPARAGUS","Row Crops",2012,2012,1,568,"VAN BUREN"
"1281",222,77.4990987017407,"SQUASH","Row Crops",2012,2012,1,552,"VAN BUREN"
"1282",229,56.2560694802203,"PUMPKINS","Pumpkins",2012,2012,1,324,"VAN BUREN"
"1283",242,1814.78104664802,"BLUEBERRIES","Blueberries",2012,2012,1,8497,"VAN BUREN"
"1285",245,24.381602098761,"CELERY","Row Crops",2012,2012,1,256,"VAN BUREN"
"2360",1,33087.9176898945,"CORN","Corn",2017,2017,14,56355,"VAN BUREN"
"2361",5,24866.120087118,"SOYBEANS","Soy",2017,2017,14,34377,"VAN BUREN"
"2362",24,696.865808765712,"WHEAT","Winter Wheat",2017,2017,14,1292,"VAN BUREN"
"2363",36,1680.6126344765,"HAY","Alfalfa",2017,2017,14,17084,"VAN BUREN"
"2364",43,57.1852648185931,"POTATOES","Potatoes",2017,2017,14,24,"VAN BUREN"
"2368",66,18.2958473412738,"CHERRIES","Cherries",2017,2017,14,831,"VAN BUREN"
"2369",68,190.732272255312,"APPLES","Apples",2017,2017,14,2532,"VAN BUREN"
"2370",69,1065.50474925515,"GRAPES","Tree Crops",2017,2017,14,3183,"VAN BUREN"
"2371",207,14.4522859803619,"ASPARAGUS","Row Crops",2017,2017,14,1250,"VAN BUREN"
"2372",222,187.640706941664,"SQUASH","Row Crops",2017,2017,14,490,"VAN BUREN"
"2374",1,37279.9699302995,"CORN","Corn",2017,2017,13,56355,"VAN BUREN"
"2375",5,28691.1476954331,"SOYBEANS","Soy",2017,2017,13,34377,"VAN BUREN"
"2376",24,810.264879452404,"WHEAT","Winter Wheat",2017,2017,13,1292,"VAN BUREN"
"2378",36,3026.58059100428,"HAY","Alfalfa",2017,2017,13,17084,"VAN BUREN"
"2379",43,235.943970789933,"POTATOES","Potatoes",2017,2017,13,24,"VAN BUREN"
"2382",53,11.8440219100208,"PEAS","Row Crops",2017,2017,13,4,"VAN BUREN"
"2384",66,110.611753524951,"CHERRIES","Cherries",2017,2017,13,831,"VAN BUREN"
"2385",68,630.729501682941,"APPLES","Apples",2017,2017,13,2532,"VAN BUREN"
"2386",69,1886.69238197445,"GRAPES","Tree Crops",2017,2017,13,3183,"VAN BUREN"
"2388",207,15.3570987335852,"ASPARAGUS","Row Crops",2017,2017,13,1250,"VAN BUREN"
"2389",222,196.271547608851,"SQUASH","Row Crops",2017,2017,13,490,"VAN BUREN"
"2392",1,39439.8939834566,"CORN","Corn",2017,2017,12,56355,"VAN BUREN"
"2393",5,30096.2862475751,"SOYBEANS","Soy",2017,2017,12,34377,"VAN BUREN"
"2394",24,910.511624110127,"WHEAT","Winter Wheat",2017,2017,12,1292,"VAN BUREN"
"2396",36,3455.5897329288,"HAY","Alfalfa",2017,2017,12,17084,"VAN BUREN"
"2397",43,240.471095919142,"POTATOES","Potatoes",2017,2017,12,24,"VAN BUREN"
"2400",53,11.8440219100208,"PEAS","Row Crops",2017,2017,12,4,"VAN BUREN"
"2403",66,206.870438402489,"CHERRIES","Cherries",2017,2017,12,831,"VAN BUREN"
"2404",68,895.919731888766,"APPLES","Apples",2017,2017,12,2532,"VAN BUREN"
"2405",69,2337.94634034871,"GRAPES","Tree Crops",2017,2017,12,3183,"VAN BUREN"
"2407",207,15.3572557381659,"ASPARAGUS","Row Crops",2017,2017,12,1250,"VAN BUREN"
"2408",222,198.091945680697,"SQUASH","Row Crops",2017,2017,12,490,"VAN BUREN"
"2411",1,40361.4389458412,"CORN","Corn",2017,2017,11,56355,"VAN BUREN"
"2412",5,31044.0324703537,"SOYBEANS","Soy",2017,2017,11,34377,"VAN BUREN"
"2413",24,955.543226264696,"WHEAT","Winter Wheat",2017,2017,11,1292,"VAN BUREN"
"2415",36,3846.53817750475,"HAY","Alfalfa",2017,2017,11,17084,"VAN BUREN"
"2416",43,246.693939927574,"POTATOES","Potatoes",2017,2017,11,24,"VAN BUREN"
"2419",53,11.8440219100208,"PEAS","Row Crops",2017,2017,11,4,"VAN BUREN"
"2422",66,243.911889160981,"CHERRIES","Cherries",2017,2017,11,831,"VAN BUREN"
"2423",68,1042.95482247061,"APPLES","Apples",2017,2017,11,2532,"VAN BUREN"
"2424",69,2570.71851084356,"GRAPES","Tree Crops",2017,2017,11,3183,"VAN BUREN"
"2426",207,15.3572557381659,"ASPARAGUS","Row Crops",2017,2017,11,1250,"VAN BUREN"
"2427",222,198.616680628915,"SQUASH","Row Crops",2017,2017,11,490,"VAN BUREN"
"2430",1,40992.5974591172,"CORN","Corn",2017,2017,10,56355,"VAN BUREN"
"2431",5,31573.9190318184,"SOYBEANS","Soy",2017,2017,10,34377,"VAN BUREN"
"2432",24,977.476316680198,"WHEAT","Winter Wheat",2017,2017,10,1292,"VAN BUREN"
"2434",36,3989.72209023891,"HAY","Alfalfa",2017,2017,10,17084,"VAN BUREN"
"2435",43,247.550702733479,"POTATOES","Potatoes",2017,2017,10,24,"VAN BUREN"
"2438",53,11.8440219100208,"PEAS","Row Crops",2017,2017,10,4,"VAN BUREN"
"2441",66,218.715701357556,"CHERRIES","Cherries",2017,2017,10,831,"VAN BUREN"
"2442",68,1082.76351105843,"APPLES","Apples",2017,2017,10,2532,"VAN BUREN"
"2443",69,2677.75908465918,"GRAPES","Tree Crops",2017,2017,10,3183,"VAN BUREN"
"2445",207,15.4728733081012,"ASPARAGUS","Row Crops",2017,2017,10,1250,"VAN BUREN"
"2446",222,185.505038755034,"SQUASH","Row Crops",2017,2017,10,490,"VAN BUREN"
"2449",1,41381.0578302641,"CORN","Corn",2017,2017,9,56355,"VAN BUREN"
"2450",5,31987.8106465042,"SOYBEANS","Soy",2017,2017,9,34377,"VAN BUREN"
"2451",24,983.447167250715,"WHEAT","Winter Wheat",2017,2017,9,1292,"VAN BUREN"
"2453",36,4110.28506574655,"HAY","Alfalfa",2017,2017,9,17084,"VAN BUREN"
"2454",43,247.607508740295,"POTATOES","Potatoes",2017,2017,9,24,"VAN BUREN"
"2457",53,11.8440219100208,"PEAS","Row Crops",2017,2017,9,4,"VAN BUREN"
"2460",66,291.590988764359,"CHERRIES","Cherries",2017,2017,9,831,"VAN BUREN"
"2461",68,1126.23214618613,"APPLES","Apples",2017,2017,9,2532,"VAN BUREN"
"2462",69,2732.30613007967,"GRAPES","Tree Crops",2017,2017,9,3183,"VAN BUREN"
"2464",207,15.4728733081012,"ASPARAGUS","Row Crops",2017,2017,9,1250,"VAN BUREN"
"2465",222,186.599992682427,"SQUASH","Row Crops",2017,2017,9,490,"VAN BUREN"
"2468",1,41808.589665202,"CORN","Corn",2017,2017,8,56355,"VAN BUREN"
"2469",5,32325.7211323643,"SOYBEANS","Soy",2017,2017,8,34377,"VAN BUREN"
"2471",24,1003.12014677417,"WHEAT","Winter Wheat",2017,2017,8,1292,"VAN BUREN"
"2473",36,4163.34050125913,"HAY","Alfalfa",2017,2017,8,17084,"VAN BUREN"
"2474",43,245.317012499877,"POTATOES","Potatoes",2017,2017,8,24,"VAN BUREN"
"2477",53,11.8440219100208,"PEAS","Row Crops",2017,2017,8,4,"VAN BUREN"
"2480",66,329.146065152713,"CHERRIES","Cherries",2017,2017,8,831,"VAN BUREN"
"2481",68,1155.0296838258,"APPLES","Apples",2017,2017,8,2532,"VAN BUREN"
"2482",69,2771.43175303054,"GRAPES","Tree Crops",2017,2017,8,3183,"VAN BUREN"
"2484",207,15.4728733081012,"ASPARAGUS","Row Crops",2017,2017,8,1250,"VAN BUREN"
"2485",222,186.891947179599,"SQUASH","Row Crops",2017,2017,8,490,"VAN BUREN"
"2488",1,42247.4558656948,"CORN","Corn",2017,2017,7,56355,"VAN BUREN"
"2490",5,32612.5935675084,"SOYBEANS","Soy",2017,2017,7,34377,"VAN BUREN"
"2492",24,990.809114934959,"WHEAT","Winter Wheat",2017,2017,7,1292,"VAN BUREN"
"2494",36,4274.2470213072,"HAY","Alfalfa",2017,2017,7,17084,"VAN BUREN"
"2495",43,245.384927131273,"POTATOES","Potatoes",2017,2017,7,24,"VAN BUREN"
"2498",53,11.8440219100208,"PEAS","Row Crops",2017,2017,7,4,"VAN BUREN"
"2501",66,370.22858656116,"CHERRIES","Cherries",2017,2017,7,831,"VAN BUREN"
"2502",68,1253.07941729507,"APPLES","Apples",2017,2017,7,2532,"VAN BUREN"
"2503",69,2840.88657212471,"GRAPES","Tree Crops",2017,2017,7,3183,"VAN BUREN"
"2505",207,15.4728733081012,"ASPARAGUS","Row Crops",2017,2017,7,1250,"VAN BUREN"
"2506",222,202.253682208681,"SQUASH","Row Crops",2017,2017,7,490,"VAN BUREN"
"2509",1,42574.8339965878,"CORN","Corn",2017,2017,6,56355,"VAN BUREN"
"2511",5,32790.7273224323,"SOYBEANS","Soy",2017,2017,6,34377,"VAN BUREN"
"2513",24,1006.27702424386,"WHEAT","Winter Wheat",2017,2017,6,1292,"VAN BUREN"
"2516",36,4469.59934839088,"HAY","Alfalfa",2017,2017,6,17084,"VAN BUREN"
"2517",43,244.644621696367,"POTATOES","Potatoes",2017,2017,6,24,"VAN BUREN"
"2520",53,23.7924090028931,"PEAS","Row Crops",2017,2017,6,4,"VAN BUREN"
"2523",66,403.238592362636,"CHERRIES","Cherries",2017,2017,6,831,"VAN BUREN"
"2524",67,12.7723355794427,"PEACHES","Tree Crops",2017,2017,6,210,"VAN BUREN"
"2525",68,1316.77717432605,"APPLES","Apples",2017,2017,6,2532,"VAN BUREN"
"2526",69,2880.54771842539,"GRAPES","Tree Crops",2017,2017,6,3183,"VAN BUREN"
"2528",207,15.4728733081012,"ASPARAGUS","Row Crops",2017,2017,6,1250,"VAN BUREN"
"2529",222,203.22193582243,"SQUASH","Row Crops",2017,2017,6,490,"VAN BUREN"
"2532",1,42757.892932692,"CORN","Corn",2017,2017,5,56355,"VAN BUREN"
"2534",5,33020.7543105161,"SOYBEANS","Soy",2017,2017,5,34377,"VAN BUREN"
"2536",24,1026.88937710485,"WHEAT","Winter Wheat",2017,2017,5,1292,"VAN BUREN"
"2539",36,4613.3268185546,"HAY","Alfalfa",2017,2017,5,17084,"VAN BUREN"
"2540",43,245.718695643395,"POTATOES","Potatoes",2017,2017,5,24,"VAN BUREN"
"2543",53,24.4152413482147,"PEAS","Row Crops",2017,2017,5,4,"VAN BUREN"
"2546",66,513.804529356823,"CHERRIES","Cherries",2017,2017,5,831,"VAN BUREN"
"2547",67,12.8786536519318,"PEACHES","Tree Crops",2017,2017,5,210,"VAN BUREN"
"2548",68,1418.11536038236,"APPLES","Apples",2017,2017,5,2532,"VAN BUREN"
"2549",69,3000.21122286475,"GRAPES","Tree Crops",2017,2017,5,3183,"VAN BUREN"
"2552",207,15.4728733081012,"ASPARAGUS","Row Crops",2017,2017,5,1250,"VAN BUREN"
"2553",222,226.436255316616,"SQUASH","Row Crops",2017,2017,5,490,"VAN BUREN"
"2556",1,43000.7182177339,"CORN","Corn",2017,2017,4,56355,"VAN BUREN"
"2558",5,33395.6318038577,"SOYBEANS","Soy",2017,2017,4,34377,"VAN BUREN"
"2560",24,1034.69776452409,"WHEAT","Winter Wheat",2017,2017,4,1292,"VAN BUREN"
"2563",36,4704.91807379122,"HAY","Alfalfa",2017,2017,4,17084,"VAN BUREN"
"2565",43,245.718695643395,"POTATOES","Potatoes",2017,2017,4,24,"VAN BUREN"
"2568",53,24.4152413482147,"PEAS","Row Crops",2017,2017,4,4,"VAN BUREN"
"2571",66,587.743431038341,"CHERRIES","Cherries",2017,2017,4,831,"VAN BUREN"
"2572",67,12.8941827171039,"PEACHES","Tree Crops",2017,2017,4,210,"VAN BUREN"
"2573",68,1411.91294494727,"APPLES","Apples",2017,2017,4,2532,"VAN BUREN"
"2574",69,3102.33800935713,"GRAPES","Tree Crops",2017,2017,4,3183,"VAN BUREN"
"2577",207,15.4728733081012,"ASPARAGUS","Row Crops",2017,2017,4,1250,"VAN BUREN"
"2578",222,226.613231332431,"SQUASH","Row Crops",2017,2017,4,490,"VAN BUREN"
"2581",1,43368.9471616194,"CORN","Corn",2017,2017,3,56355,"VAN BUREN"
"2583",5,33551.5247167346,"SOYBEANS","Soy",2017,2017,3,34377,"VAN BUREN"
"2585",24,1055.97529164875,"WHEAT","Winter Wheat",2017,2017,3,1292,"VAN BUREN"
"2588",36,4903.75289320616,"HAY","Alfalfa",2017,2017,3,17084,"VAN BUREN"
"2590",43,245.168453619391,"POTATOES","Potatoes",2017,2017,3,24,"VAN BUREN"
"2593",53,24.4152413482147,"PEAS","Row Crops",2017,2017,3,4,"VAN BUREN"
"2596",66,704.566588080786,"CHERRIES","Cherries",2017,2017,3,831,"VAN BUREN"
"2597",67,22.8726811161462,"PEACHES","Tree Crops",2017,2017,3,210,"VAN BUREN"
"2598",68,1473.3065647093,"APPLES","Apples",2017,2017,3,2532,"VAN BUREN"
"2599",69,3179.99059347464,"GRAPES","Tree Crops",2017,2017,3,3183,"VAN BUREN"
"2602",207,15.6099983639337,"ASPARAGUS","Row Crops",2017,2017,3,1250,"VAN BUREN"
"2603",222,268.90056342191,"SQUASH","Row Crops",2017,2017,3,490,"VAN BUREN"
"2606",1,43593.6802189679,"CORN","Corn",2017,2017,2,56355,"VAN BUREN"
"2608",5,33810.670322225,"SOYBEANS","Soy",2017,2017,2,34377,"VAN BUREN"
"2609",24,1099.72840915263,"WHEAT","Winter Wheat",2017,2017,2,1292,"VAN BUREN"
"2612",36,5062.49654344286,"HAY","Alfalfa",2017,2017,2,17084,"VAN BUREN"
"2614",43,244.999526312945,"POTATOES","Potatoes",2017,2017,2,24,"VAN BUREN"
"2617",53,24.4152413482147,"PEAS","Row Crops",2017,2017,2,4,"VAN BUREN"
"2620",66,796.163199571663,"CHERRIES","Cherries",2017,2017,2,831,"VAN BUREN"
"2621",67,22.8726811161462,"PEACHES","Tree Crops",2017,2017,2,210,"VAN BUREN"
"2622",68,1569.06383248838,"APPLES","Apples",2017,2017,2,2532,"VAN BUREN"
"2623",69,3301.10742443427,"GRAPES","Tree Crops",2017,2017,2,3183,"VAN BUREN"
"2626",207,15.6099983639337,"ASPARAGUS","Row Crops",2017,2017,2,1250,"VAN BUREN"
"2627",222,295.030753136027,"SQUASH","Row Crops",2017,2017,2,490,"VAN BUREN"
"2630",1,43867.4797977085,"CORN","Corn",2017,2017,1,56355,"VAN BUREN"
"2632",5,33951.7963530556,"SOYBEANS","Soy",2017,2017,1,34377,"VAN BUREN"
"2633",24,1145.23580776172,"WHEAT","Winter Wheat",2017,2017,1,1292,"VAN BUREN"
"2636",36,5302.42454513367,"HAY","Alfalfa",2017,2017,1,17084,"VAN BUREN"
"2638",43,244.999526312945,"POTATOES","Potatoes",2017,2017,1,24,"VAN BUREN"
"2641",53,24.4152413482147,"PEAS","Row Crops",2017,2017,1,4,"VAN BUREN"
"2644",66,883.050726764061,"CHERRIES","Cherries",2017,2017,1,831,"VAN BUREN"
"2645",67,22.8726811161462,"PEACHES","Tree Crops",2017,2017,1,210,"VAN BUREN"
"2646",68,1622.79501082965,"APPLES","Apples",2017,2017,1,2532,"VAN BUREN"
"2647",69,3347.54691317819,"GRAPES","Tree Crops",2017,2017,1,3183,"VAN BUREN"
"2650",207,15.6099983639337,"ASPARAGUS","Row Crops",2017,2017,1,1250,"VAN BUREN"
"2651",222,298.879383377007,"SQUASH","Row Crops",2017,2017,1,490,"VAN BUREN"
